Fresh,Milk,Grocery,Frozen,Detergents_Paper,Delicassen,Channel,Region
9.446992273315185,9.175438319966918,8.930890984450878,5.3706380281276624,7.891704659330107,7.199678345691172,2,3
8.861917004235215,9.19125948416339,9.166283985779263,7.47477218239787,8.099857910737585,7.482681828154651,2,3
8.756839814829462,9.083529205109796,8.947025655972697,7.785720896534624,8.165363632473982,8.967631665167133,2,3
9.492959650085501,7.087573705557973,8.348064228408266,8.764834214330834,6.230481447578482,7.489412083508719,1,3
10.026412899373426,8.596189197642735,8.881697406469304,8.272826003650401,7.48324441607385,8.55371796609861,2,3
9.149953221961088,9.019179866515024,8.5422759717837,6.502790045915623,7.493317248862145,7.280697195384741,2,3
9.403189650656792,8.070906088787819,8.850230965588816,6.175867270105761,8.052296499538647,6.302618975744905,2,3
8.933268478636418,8.508555998020574,9.15133319139615,7.4205789054108005,8.10832229017324,7.8504931808711405,2,3
8.69349667588463,8.202208436436448,8.731174900938061,6.054439346269371,7.448333860897476,6.621405651764134,1,3
8.700680734850161,9.31415970061518,9.845964366292462,7.05617528410041,8.912742634737025,7.649216319820633,2,3
8.121777419161074,8.59489469908009,9.470779708034089,8.38958706681109,8.695841342843883,7.4645098346365275,2,3
9.483948874696605,7.025538314638521,8.41715183723601,7.259116128097101,6.309918278226516,6.210600077024653,2,3
10.364545034067998,9.41897923708751,9.3722891389622,5.662960480135946,8.264105763728956,7.983440063006542,2,3
9.962605157019217,8.733755131364893,9.614671504043145,8.037866234709618,8.8110561229431,6.401917196727186,2,3
10.112694438111465,9.155461710466193,9.40029935589935,5.68697535633982,8.528924114291936,7.682021510826875,2,3
9.235423152343646,7.016609683894219,8.248529124800218,5.986452005284438,6.872128101338986,6.023447592961033,1,3
6.928537818164665,9.084436955087027,9.402777262511231,4.90527477843843,8.413830678421084,6.985641817639208,2,3
8.678801706612651,8.725507328484445,7.984121958702927,6.733401891837359,5.916202062607435,8.4071550862073,1,3
9.831024380802413,8.75273950944749,9.22029070282935,7.698936199813447,7.92588031673756,8.065265208897733,2,3
8.95944014361693,7.822444729489319,9.155356063643422,6.507277712385012,7.831617276352611,6.218600119691729,1,3
9.772638274111136,8.416267272826277,8.434463543817241,6.9726062513017535,7.723120092266331,7.661527081358517,2,3
8.624791202014256,6.77078942390898,7.606387389772652,8.126813720726114,5.929589143389895,6.345636360828596,1,3
10.3506382821314,7.559038255443384,8.405143687607614,9.149421957006766,7.775695749915245,8.374476889214643,1,3
10.180133955367644,10.502983177014618,9.999706410276671,8.54772239645106,8.37516869138682,9.712569148516655,2,3
10.027826826791735,9.18778796750567,9.53191649607552,7.977968093128549,8.40804774415544,8.661985936317778,2,3
9.69066555029379,8.350193650720067,8.935377071932177,5.308267697401205,8.295049140435111,4.060443010546419,2,3
9.200189020919808,6.8690144506657065,7.959275960116396,8.05579245097777,5.493061443340548,6.726233402358747,1,3
9.56640512978922,6.6895992691789665,8.021584533455107,6.186208623900494,4.61512051684126,6.251903883165888,1,3
8.322151070212902,9.927448189980971,10.164235126247704,7.055312843339752,9.06009870864564,8.557759153162898,2,3
10.671023023099933,7.650168700845001,7.867105500316739,7.0909098220799835,7.010311867307229,6.714170529909472,1,3
9.842462850698354,8.191740021277457,9.31542084842669,7.046647277848756,7.666221925662725,7.994294986415977,1,3
7.868254265520613,8.375629627094451,8.050065422915965,7.644440761556566,6.710523109452428,6.893656354602635,1,3
9.981975205584869,7.1846291527173145,7.967973179662935,5.58724865840025,6.823286122355687,6.0063531596017325,1,3
10.299911915992144,8.473659189392508,8.899321434159964,8.721113147762688,5.8916442118257715,6.988413181999592,1,3
7.315218389752975,7.590852123688581,7.724446645633537,6.054439346269371,6.182084906716632,5.981414211254481,1,3
6.535241271013659,8.61104776688786,9.313979406735669,6.726233402358747,8.352318548226004,6.07993319509559,2,3
10.307484917369258,8.38091517312361,8.599510233905452,7.455876687491824,6.760414691083428,8.439663988907,1,3
9.627009150591672,9.264544425989694,9.431722372670732,7.560601162768557,8.780633799494984,6.5722825426940075,2,3
8.432070937999402,9.663324996052323,9.72376262158944,3.5263605246161616,8.847503625923641,6.073044534100405,2,3
10.935960038699692,6.320768294250582,6.805722553416985,9.21064032698518,5.3612921657094255,7.978310969867722,1,3
10.086891856281321,8.374015421739909,8.467582690862903,9.160204302482386,7.044032897274685,8.676757761087575,1,3
9.861466923273516,8.028129059431759,8.692322277628687,7.617759576608505,7.853993087224244,7.938445551164788,1,3
9.292012520620208,8.9300972286214,9.61326893243235,5.241747015059643,8.83927669058535,3.8501476017100584,2,3
6.447305862541213,9.314339961994667,10.085767441795337,6.669498089857879,9.162199996648248,4.290459441148391,2,3
9.176886995716963,8.857657449306988,9.256460307589736,6.295266001439646,8.437933510430605,4.189654742026425,2,3
8.552946361122055,10.000841097792039,9.977295479680848,7.462214939768189,8.902999661861218,8.514389264083503,2,3
8.04044688130311,9.551800150108434,9.99679572966978,7.419979923661835,8.823647949191303,7.2813856635702825,2,3
10.702502620019327,10.901542586212923,10.925434756268752,8.959697146959389,10.09295021748145,8.774312958285378,2,3
9.351839934249883,8.724695046740491,9.293669979563187,6.371611847231857,8.541300266759471,7.29776828253138,2,3
8.510772623613315,9.971753493206217,10.272357830174737,7.4949862339505335,9.516647908551128,7.059617628291383,2,3
8.743531633626967,6.999422467507961,7.591357046698551,8.258681496264236,6.413458957167357,7.679251425953058,1,3
8.116118431609365,8.306965865368573,8.853236764745898,5.480638923341991,7.338888133838879,5.71042701737487,1,3
10.614523765931814,8.27308133366583,8.678801706612651,6.278521424165844,7.858640655620791,7.153833801578843,2,3
6.198478716492308,9.256651274839433,9.35296777022594,6.61338421837956,8.632662441222351,5.41610040220442,2,3
10.215740278922114,7.27931883541462,7.5745584842024805,7.798523053625206,5.3230099791384085,7.195937226475569,1,3
8.568836424568076,8.211754397375197,8.518392471991719,6.964135612418245,7.613324979540639,7.030857476116121,1,3
8.318498320504338,10.30537961825751,10.198654046697536,7.869783902530146,9.783633624060649,7.201170883281678,2,3
8.59748202264504,9.203718495667296,9.257987025443535,3.6635616461296463,8.932344569113823,7.1569563646156364,2,3
9.53097354456765,7.58629630715272,7.407924322559599,6.391917113392602,5.429345628954441,6.07993319509559,1,3
8.722254235179681,8.586905803827538,8.99230873254815,4.867534450455582,8.034306936339489,7.38025578842646,1,3
9.058470422638056,8.021584533455107,8.96890555068972,4.574710978503383,8.317766166719343,5.420534999272286,2,3
10.489689629308009,10.555031183240999,10.995394074389191,8.08794755464267,10.19249374795004,7.609862200913554,2,3
8.964951211714654,8.739696537843024,8.786456678344,8.332067707289548,8.312626025674962,6.872128101338986,2,3
9.148145768383065,9.358932776026009,9.666245076842417,7.9714309977693505,8.946114375560743,7.16703787691222,2,3
8.46821300919452,7.113142108707088,8.086717920303906,8.22282213081366,7.129297548929373,7.044032897274685,1,3
4.454347296253507,9.950371138434978,10.732672357496405,3.6109179126442243,10.095429352707074,7.261225091971921,2,3
2.302585092994046,7.336285660021297,8.911664758049536,5.170483995038151,8.15162164696975,3.332204510175204,1,3
9.89917828094803,8.81877816903701,9.507700460979235,7.136483208590247,8.545197387825835,6.727431724850855,2,3
7.802618063442671,8.890272839380247,8.29254851397576,8.677780256064185,6.670766320845874,8.037866234709618,1,3
9.030376034755907,7.944846711001996,7.165493475060845,6.659293919683638,6.48768401848461,4.976733742420574,1,3
9.723523215315852,7.61972421378267,8.071843149609158,9.27275163209758,4.762173934797756,7.2196420401307355,1,3
9.814219084777946,7.144407180321139,9.954323242238624,8.589327789175437,8.336630087637147,9.580040123637605,1,3
8.394121193826242,8.544808358449211,7.8868329989550565,9.090768236835338,7.186901020411631,5.204006687076795,1,3
9.898475010712584,8.581669210600602,9.072686206677387,9.003685138166775,6.639875833826536,6.47543271670409,2,3
9.010791269515602,8.755264763314685,9.189627330378642,7.1592919047975645,7.550661243105336,7.484930283289661,2,3
9.923241159022965,7.037027614686276,1.3862943611198906,8.391176350832751,1.3862943611198906,6.883462586413092,1,3
6.576469569048224,8.185350223178686,8.78462153484075,8.926783114101351,6.272877006546167,6.796823718274855,1,3
9.40968291310444,9.449199779730396,10.259096928959389,6.76849321164863,9.395574350217172,6.917705609835305,2,3
9.284241179815718,7.069874128458572,7.63433723562832,7.64826303090192,5.71042701737487,5.123963979403259,1,3
7.403061091090091,8.089482474360754,8.204124932574041,6.767343125265392,7.0925737159746784,7.4109518755836366,1,3
8.854522203757432,6.721425700790643,8.009695357742922,6.066108090103747,6.415096959171596,6.272877006546167,1,3
5.393627546352362,9.163353580751846,9.575261224768767,5.648974238161206,8.964311948124514,5.056245805348308,2,3
9.245997049184217,9.130539301772627,9.306559229716726,6.6039438246004725,8.17131687471973,7.759187438507795,2,3
9.946307549719057,7.355001921105257,7.486613313139955,7.749753406274437,6.311734809152915,6.650279048587422,1,3
9.381600981410713,8.1101268019411,8.479491324232226,7.072421900537371,8.252706676567644,4.795790545596741,2,3
9.687691938884457,10.7406917860895,11.437997156432605,6.934397209928558,10.61712339952339,7.987864096085687,2,3
10.040026916674956,11.205027079666197,10.377078489691893,6.895682697747868,9.907031266159493,6.806829360392176,2,3
10.675122386144814,8.522379718103538,9.001839097398843,8.750366278367625,7.365180126021013,9.571644584298577,1,3
8.970177815492379,6.297109319933935,8.304742269640771,9.183585634667363,5.111987788356544,3.8501476017100584,1,3
10.122823865507383,8.252446090246952,8.581294116822761,8.144388865547622,6.12029741895095,8.064321960910803,1,3
9.341894811716484,6.391917113392602,7.40184157874383,8.116118431609365,4.248495242049359,5.8888779583328805,1,3
9.453678630575912,7.924072324923417,7.836369760545124,9.070388411548738,6.4425401664681985,7.0192966537150445,1,3
9.126850061477157,10.220958983173661,10.374584334073122,8.081165777725433,9.847287502847928,8.543055850941965,2,3
9.333884558067638,8.036249942132116,7.631916513071252,10.463389013948712,4.276666119016055,7.900636613018005,1,3
8.635331719433278,9.410911062438,9.33467964623179,5.332718793265369,8.524962928680598,5.501258210544727,2,3
1.3862943611198906,7.979681302387741,8.740816627567298,6.089044875446846,5.4116460518550396,6.565264970035361,1,3
3.1780538303479458,7.869783902530146,9.001962272862446,4.983606621708336,8.262300941787448,5.384495062789089,2,3
6.0014148779611505,5.541263545158426,6.415096959171596,6.652863029353347,4.007333185232471,4.1588830833596715,1,3
6.222576268071369,4.727387818712341,6.658011045870748,6.79794041297493,4.04305126783455,4.890349128221754,1,3
9.175645402179295,7.688455356549944,7.554858521040676,8.637639344492104,5.375278407684165,5.780743515792329,1,3
9.358329249689632,8.959311617172437,9.404672841436273,8.087332926473351,8.991686725934825,8.016317898503415,2,3
7.259116128097101,9.288319413292772,9.696955267027116,7.374001859350161,8.819813136232225,7.516977224604321,2,3
7.983781068977451,8.773384596776648,8.946114375560743,7.848543482456679,8.428143374582726,7.234898420314831,2,3
10.934588015284797,8.16194579946869,9.09459276343187,9.7997368515422,7.300472814267799,7.823645930834952,1,3
9.55400099583723,7.665284718471351,8.144969417087875,7.198183577101943,7.307872780763706,6.3080984415095305,1,3
9.6542566664586,6.922643891475888,8.286773231131251,6.814542897259958,4.941642422609304,7.229113877793302,1,3
7.282761179605593,8.754318540250866,9.278466201023782,4.897839799950911,8.82922635473185,7.513163545234075,2,3
9.082279701908664,9.273033441314606,9.608243627877057,7.812782818577581,9.101640955052842,7.271703706887368,2,3
7.3343293503005365,9.035748861244139,8.851090687664982,5.5134287461649825,7.826443135456014,7.1204443723924875,2,3
7.249215057114389,9.72495879398087,10.274602732600881,6.513230110912307,6.729824070489475,1.3862943611198906,2,3
9.377463685012241,7.407924322559599,7.43543801981455,7.7306140660637395,5.135798437050262,7.4073177104694174,1,3
9.439863530254431,9.316050826398296,9.773948181181144,6.692083742506628,8.77307495131822,7.326465613840322,2,3
9.85466488783856,7.9269635448629785,7.8119734296220225,9.088624613292087,6.182084906716632,7.904334842085095,1,3
9.577688157971219,7.738923757439457,7.458186157340487,8.0774471493312,6.373319789577012,7.3537223303996315,1,3
9.800623917076889,6.985641817639208,7.601402334583733,7.846198815497425,4.77912349311153,7.144407180321139,1,3
9.317848579691468,6.677083461247136,8.002694162283937,7.906915488678587,5.6240175061873385,6.415096959171596,1,3
9.321344930019094,7.8328075165248645,8.118505067587098,7.325148957955575,5.739792912179234,5.407171771460119,1,3
8.852378886511985,8.263848131368906,8.59062950948942,7.4073177104694174,5.768320995793772,7.057036981697891,1,3
9.905984432734716,7.545389749611823,7.767687277186908,8.583729715216482,6.021023349349527,6.839476438228843,1,3
9.019058793810718,7.76004068088038,7.672292455628756,8.26796230533871,5.58724865840025,6.455198563340122,1,3
9.750394646402302,7.0909098220799835,8.135346948906706,7.790696031174738,5.1647859739235145,7.036148493750536,1,3
8.299285906897275,8.081784206935001,7.312553498102598,7.78155595923534,5.579729825986222,5.545177444479562,1,3
9.410256237171089,5.308267697401205,5.5053315359323625,7.596894438144544,3.258096538021482,6.7580945044277305,1,3
9.321076413570848,9.284519770150434,9.08421009483197,7.693937325509272,7.589335823170617,4.969813299576001,2,3
10.492689881579409,7.404279118037268,7.993619994827744,8.473868066677865,6.2166061010848646,7.3914152346753585,1,3
11.24161530503541,8.153061946801051,8.86827250899781,9.713476507257793,6.658011045870748,6.823286122355687,1,3
9.863706682524283,7.518064181233078,7.413970290190444,9.011401509358791,5.857933154483459,6.182084906716632,1,3
9.97422556704147,8.887928819003305,9.276689752517717,6.78105762593618,7.77779262633883,7.919356190660617,2,3
4.948759890378168,9.087946723762116,8.249052274171293,4.962844630259907,6.968850378341948,1.3862943611198906,1,3
10.652849646423808,6.831953565565855,7.32052696227274,7.449498005382849,6.018593214496234,7.506591780070841,1,3
8.874867635688053,7.795234929002173,6.551080335043404,8.7509996908987,5.981414211254481,6.815639990074331,1,3
7.650644551436897,6.380122536899765,5.752572638825633,5.849324779946859,4.2626798770413155,5.739792912179234,1,3
9.609384912281424,7.617267813628347,7.8160138391590275,6.3578422665081,6.862757913051401,5.796057750765372,1,3
9.152181457802651,6.949856455000773,7.119635638017636,6.07993319509559,5.54907608489522,5.983936280687191,1,3
8.907747686788648,7.5406215286571525,7.684783943522785,6.580639137284949,3.871201010907891,6.2878585601617845,1,3
8.748463629942055,7.162397497355718,7.860185057472165,7.065613363597717,5.298317366548036,5.7899601708972535,1,3
8.439447842791385,9.057189192482008,8.858084222199162,8.428580533059634,7.803026643632217,7.341483852363161,1,3
8.035278911144667,8.997270906233448,9.021960500598263,6.495265555937008,6.582025138892826,3.6109179126442243,1,3
9.513255825068553,8.356554845453426,8.524168805152662,5.049856007249537,5.521460917862246,8.093156697722637,1,3
8.591929537530255,8.513185170018698,8.114922974204593,6.716594773520978,6.45833828334479,6.835184586147301,1,3
9.777016888482178,8.361941906144946,8.896451207355227,7.731930721948486,6.8679744089702925,7.869783902530146,1,3
10.321539776149764,9.491979220880678,8.554488976159934,5.7745515455444085,3.9512437185814275,7.280008252884188,1,3
10.519672691959444,8.875287128108384,9.018453210312527,8.005033344637111,3.044522437723423,1.3862943611198906,1,3
9.250137841850249,7.3758821482150125,7.00033446027523,9.039077442538963,5.991464547107982,5.765191102784844,1,3
9.843100402521033,8.210124405164267,7.5953872788539725,4.77912349311153,6.248042874508429,5.308267697401205,1,3
10.00061426326685,9.034199674257309,10.457171496104019,3.7612001156935624,9.440816970657185,8.39638057119949,2,3
8.958025443361693,7.5688956634069955,7.686162303492906,6.831953565565855,4.30406509320417,6.255750041753367,1,3
9.127393451155257,8.123854263105914,7.903965634032166,7.160069207596127,6.9874902470009905,6.267200548541362,1,3
8.686935966003333,6.371611847231857,6.297109319933935,8.307212626628308,5.648974238161206,6.075346031088684,1,3
10.367630290261705,7.2682230211595655,7.409741954080923,6.68586094706836,4.736198448394496,7.273092595999522,1,3
9.69437017295501,7.509883061154913,7.476472381163905,6.74993119378857,5.14166355650266,6.97354301952014,1,3
7.162397497355718,8.110427237575024,7.612336837167746,6.2766434893416445,5.545177444479562,7.4815557019095165,1,3
9.843790625278,7.22402480828583,8.0507033814703,8.007034012193408,5.8664680569332965,5.220355825078324,1,3
8.150179269682326,9.132486932771318,7.7702232041587855,6.659293919683638,5.713732805509369,7.395107546562485,1,3
6.434546518787453,4.02535169073515,4.927253685157205,4.330733340286331,2.0794415416798357,2.1972245773362196,1,3
7.595889917718538,9.2771575450135,9.876167741881165,5.455321115357702,9.35686202463895,7.675081857716334,2,3
8.25088114470065,8.573951525234847,9.606159103032542,5.762051382780177,8.809116258125274,8.065579427282092,2,3
9.78549199429842,7.220373836723949,7.813995675002791,8.12533508671429,6.699500340161678,6.037870919922137,1,3
7.959275960116396,8.790421306897867,9.171495588152615,6.836259277277067,8.29529885950246,7.428333194190806,2,3
5.87493073085203,8.949624747754216,9.594445640962938,5.988961416889864,8.996899596123358,5.717027701406222,2,3
7.453561871643373,8.20303024171486,9.458995712459116,6.715383386334681,8.39502555744203,7.67693714581808,2,3
9.428270356237505,6.293419278846481,5.648974238161206,6.996681488176539,1.3862943611198906,7.711548979629146,1,3
9.627602289963859,7.613324979540639,8.24564690087386,7.888334500738654,5.4510384535657,6.415096959171596,1,3
8.61830469278465,9.663134259490725,10.198802917143304,7.769800996003896,9.52711997525166,6.102558594613569,2,3
8.561210076833012,8.93642970360832,9.057771773331575,7.840312983320164,8.209308411646937,5.476463551931511,2,3
9.656051308652874,9.44572864970683,9.896412583864164,8.395251520610994,8.869116865929483,7.77485576666552,2,3
8.481151420068972,8.81314100828505,9.123801610558944,6.901737206656574,8.51197962436335,8.199189359078067,2,3
7.9817332866918855,8.069655306886165,8.092239406724211,6.0063531596017325,7.427144133408616,6.542471960506805,1,3
8.667335849845957,6.601230118728877,6.6895992691789665,7.2399325913204695,4.382026634673881,6.063785208687608,1,3
8.596928159435091,6.576469569048224,7.6760099320288875,7.783224016336037,4.248495242049359,6.621405651764134,1,3
5.564520407322694,9.068315871946766,9.505320746909074,7.018401799069201,8.855948534052018,5.780743515792329,2,3
5.303304908059076,10.160568654878034,9.894295434167212,6.480044561926653,9.07954808172616,8.740496729931813,2,3
6.862757913051401,8.608860379942062,8.78523362361273,5.811140992976701,7.951911381854188,6.56244409369372,1,3
6.244166900663736,8.946114375560743,9.893740201081249,6.843749949006225,9.193906065512758,6.57507584059962,2,3
5.659482215759621,7.097548850614793,8.564458383883352,7.830425617820331,5.0369526024136295,7.274479558773871,1,3
7.759614150696903,8.967759126769497,9.382190628902842,3.970291913552122,8.34212526333359,7.437206366871292,2,3
10.72856171434071,8.84779106484485,8.78523362361273,8.905037290767,7.334981878871814,5.442417710521793,1,3
9.454070556898781,8.899867211223587,8.419359831067474,7.469083884921234,3.044522437723423,7.875499292445208,1,3
9.305923241869912,8.864464055279676,8.506334448081361,7.050122520269059,4.795790545596741,5.981414211254481,1,3
8.057694194815587,8.494743062578646,7.824445930877619,8.4069317971587,5.6131281063880705,7.680637427560936,1,3
9.42197798310419,8.705662478796427,9.092457331319466,5.998936561946683,7.232010331664759,7.9355873855892,1,3
11.627610373048372,10.29647513913318,9.806370741756401,9.725914702764378,8.506940814951886,9.053803514155955,1,3
6.543911845564792,9.051813463747946,9.260938424739274,6.095824562432225,8.84043543926657,5.056245805348308,1,3
10.514556622060466,10.69083065598303,9.912001208301334,10.506025984225317,5.480638923341991,10.777788942138022,1,3
5.793013608384144,6.823286122355687,8.45765547870004,4.31748811353631,5.814130531825066,2.4849066497880004,1,3
9.008346579384707,8.771680359010377,7.038783541388542,7.687997166393016,4.07753744390572,5.5134287461649825,1,3
8.009695357742922,6.257667587882639,6.75110146893676,8.152198015861787,6.856461984594587,6.590301048196686,1,3
7.79934339821592,8.987571750367046,9.192176401348512,8.743531633626967,8.14902386805177,1.3862943611198906,1,3
8.99230873254815,8.941152882160566,9.366317953430535,7.922623574217286,8.830543010616596,6.003887067106539,2,3
6.727431724850855,9.35686202463895,9.352100317014015,5.62040086571715,8.301025253838453,7.526717561352706,2,3
9.737255856891121,8.740496729931813,7.591861714889934,8.9001399880938,4.77912349311153,4.174387269895637,1,3
9.519661619531444,5.69035945432406,7.231287004327616,6.792344427470809,3.784189633918261,4.442651256490317,1,3
8.61431990214696,7.2875606403097235,7.719573989259581,6.306275286948016,5.236441962829949,6.016157159698354,1,3
5.198497031265826,8.156510226079966,9.918031277976969,6.866933284461882,8.633908991112198,6.502790045915623,2,3
8.868976189274543,6.920671504248683,7.99799931797973,6.693323668269949,5.87493073085203,7.04141166379481,1,3
9.742379392141371,8.544808358449211,8.562357743370612,8.97322466309509,5.802118375377063,7.470793774195062,1,3
10.329571947847029,8.883224230278994,8.496582237512113,9.836920308264014,6.638567789166521,7.964503363551548,1,1
7.794823152179389,8.867568333206442,9.248791558350435,7.028201432058005,8.36985260351753,7.292337176173877,2,1
9.366232391933156,7.675546002537848,8.82834762005316,8.168486417126681,6.385194398997726,6.548219102762372,1,1
9.176886995716963,7.732369222284388,7.655864017616056,6.255750041753367,5.998936561946683,5.8522024797744745,1,1
8.028781162487148,9.491073355339758,10.048799283696182,8.279443487712665,9.206332350578643,6.595780513961311,2,1
8.408493774492896,9.574983485564092,10.114922828718177,8.174702882469461,9.563529246630083,7.427738840532894,2,1
10.134757991061946,9.349058291288005,9.158099260130491,8.53030683056162,5.652489180268651,8.832733591996416,1,1
6.369900982828227,6.530877627725885,7.7039102096163115,6.152732694704104,6.86171134048073,2.9444389791664403,1,1
7.579167967396076,6.79346613258001,8.561592778712923,7.232733136177615,1.791759469228055,7.192182058713246,1,1
7.010311867307229,9.368369236201092,10.068874864289374,6.862757913051401,9.134107065976593,6.566672429803241,2,1
8.759982494977281,6.660575149839686,6.85751406254539,6.778784897685177,5.666426688112432,5.655991810819852,1,1
7.8407064517494,8.463370384718731,8.714403360703942,7.988542982737695,8.57866451350434,4.795790545596741,2,1
7.338238150065589,8.229244416735913,8.672314828283538,7.528331766707247,8.126222529458525,6.693323668269949,1,1
8.621733370690162,9.451716691551452,9.727227587120769,6.762729506931879,9.427143867544194,6.682108597449809,2,1
9.829194947954273,7.547501682814967,7.2399325913204695,7.496652438168283,5.501258210544727,7.650168700845001,1,1
9.402612259623305,10.251570692406156,10.588980514159214,8.463159302923751,9.873595194671092,7.962415680121064,2,1
8.894533135798554,6.920671504248683,7.631916513071252,7.163946684342547,5.484796933490655,7.4821189235521155,1,1
8.10711747075039,8.79527937019457,8.833754223418396,7.1929342212158,8.284504227258497,7.103322062526113,1,1
7.767687277186908,8.787525625532906,9.338293736286644,6.81783057145415,8.692490133273228,6.674561391814426,2,1
7.939871576361883,9.284148299120902,9.651108271786734,7.226209010100671,8.67060073804555,7.77863014732581,1,1
7.837159650001675,9.717157974344635,10.504711311745423,5.19295685089021,9.496195777086555,6.51471269087253,2,1
9.800623917076889,7.297091005160418,7.624130585661289,7.837159650001675,4.875197323201151,7.055312843339752,1,1
2.9444389791664403,8.923324744067562,9.629445365788381,7.1592919047975645,8.47595444339964,8.759825595314295,2,1
8.332308352219117,5.908082938168931,7.237778191923443,7.7437032581737535,4.465908118654584,4.875197323201151,1,1
9.599405058716567,6.802394763324311,7.232010331664759,7.476472381163905,4.04305126783455,6.620073206530356,1,1
8.593598522618644,8.92319149068606,9.273033441314606,4.5217885770490405,8.335191583433202,5.480638923341991,1,1
8.525558107747866,7.017506142941256,7.957527402230773,8.922258219503062,5.54907608489522,5.929589143389895,1,1
7.934155233536322,7.8351837552667485,8.569026340056254,8.6328406149422,6.670766320845874,7.215975002651466,2,1
8.892199092039693,6.492239835020471,7.313220387090301,6.665683717782408,4.2626798770413155,6.492239835020471,1,1
9.447860089234899,8.084562415235304,8.332789468417959,6.493753839851686,6.635946555686647,6.668228248417403,1,1
9.941890623819074,8.686429508661536,9.128370809108931,7.473069088032197,7.851271997109883,7.348587530927593,2,1
8.304742269640771,7.6984827878809465,7.355001921105257,7.734996194022781,5.575949103146316,6.536691597591305,1,1
7.533693709848633,6.359573868672378,6.35088571671474,6.85751406254539,8.46863300080086,5.318119993844216,1,1
9.066123521215774,7.918264686095274,7.824845691026856,8.831419819090131,6.543911845564792,6.8885724595653635,1,1
9.312264991698108,8.697846691109495,8.633374945705647,9.026657889542886,6.862757913051401,7.6676260915849905,2,1
7.76004068088038,9.276034475171546,8.250358951477294,7.272398392570047,7.356918242356021,6.19644412779452,1,1
10.164427726544904,7.484930283289661,8.252967195000798,6.459904454377535,5.652489180268651,6.727431724850855,1,1
6.872128101338986,8.514188682395938,8.106816038947052,6.843749949006225,6.016157159698354,2.0794415416798357,1,1
9.655282570626547,7.902487437162855,8.251663923605589,8.357259153499912,5.786897381366708,7.849323818040561,1,1
7.516977224604321,8.761080103868347,7.946263643580541,7.105786129481271,7.104144092987527,5.69035945432406,1,1
9.063694791634697,6.710523109452428,8.022240916806537,7.746300662231439,6.030685260261263,5.420534999272286,1,1
9.835904401212332,8.252967195000798,6.386879319362645,8.441391477999955,3.367295829986474,7.103322062526113,1,1
8.904358542352968,6.16541785423142,6.373319789577012,7.014814351275545,4.290459441148391,5.37989735354046,1,1
10.768358666254748,7.850882664809852,8.237479288613633,8.56483984488359,6.720220155135295,7.720461694599722,1,1
10.003197131685106,8.182000136293405,8.859647499714997,9.343384145733948,5.840641657373398,7.84971375760487,1,1
10.123827176517604,7.496652438168283,7.814399633804487,7.7039102096163115,6.023447592961033,6.954638864880987,1,1
9.810659290224933,6.492239835020471,7.977625098784593,8.23031079913502,6.375024819828097,6.361302477572996,1,1
9.324650718153594,8.182279739259018,8.540909718033554,6.331501849893691,7.428333194190806,7.782807262839695,1,1
8.732788324973118,8.958797346140274,9.288966692431373,7.076653815443951,8.053251153549096,7.58629630715272,1,1
8.027150106832774,8.725020038618554,9.540866393419853,5.442417710521793,9.097619501912064,7.932003152361385,2,1
9.092232283495854,7.795234929002173,7.48324441607385,7.48324441607385,6.066108090103747,6.415096959171596,1,1
9.515616752828915,5.849324779946859,6.194405391104672,7.639161171659173,3.8066624897703196,6.492239835020471,1,1
9.659630959624376,8.571681376700306,7.786136437783072,6.327936783729195,6.333279628139691,6.35088571671474,1,1
8.99230873254815,8.241703159729818,7.635786861395585,8.754791763700032,6.823286122355687,5.676753802268282,1,1
8.068402958569699,7.597897950521784,7.495541943884256,7.456454555176209,5.459585514144159,6.566672429803241,1,1
8.721765357145012,10.049058675855347,10.421894366322432,8.816853240627426,9.830648006359171,8.541300266759471,2,1
8.798454696065095,7.528869256642251,8.464003362902119,8.946895523888447,5.327876168789581,7.434847875211999,1,1
10.293060377975431,8.982435503560263,9.73902556004294,6.07073772800249,5.8971538676367405,7.238496840894365,1,1
9.24763615671988,9.796625910752034,8.465689348549121,8.452547997922705,7.344719054149673,8.09132127353041,1,1
10.361386970492713,6.194405391104672,7.310550158534422,8.084254106307318,4.718498871295094,6.423246963533519,1,1
9.314069557738659,8.518991573357617,8.565983355585669,6.118097198041348,5.973809611869261,5.924255797414532,1,1
9.04499391938819,7.566311014772463,7.5411524551363085,8.518192691749322,8.187021067343505,6.895682697747868,1,1
10.934605845841022,8.425954710981966,7.661527081358517,8.767640577257792,6.594413459749778,8.10832229017324,1,1
10.881926450925217,8.509161019718974,8.900685318713995,8.0106915391303,6.875232087276577,6.70808408385307,1,1
9.126306376366173,8.494129251817686,7.67693714581808,5.793013608384144,6.660575149839686,6.3080984415095305,1,1
8.969414650866176,7.01301578963963,6.9985096422506015,8.827468112520654,3.912023005428146,5.662960480135946,1,1
10.05440443785299,7.224753405767971,7.425357887027151,6.890609120147166,6.063785208687608,6.486160788944089,1,1
7.675081857716334,7.017506142941256,8.807621489536043,8.37216741936598,7.970740390007095,6.021023349349527,1,1
6.97914527506881,9.177817180270623,9.64510534912921,4.127134385045092,8.696343057044556,7.143617602704121,2,1
8.684401110400144,10.065946480233832,9.525151111816216,9.225819942824568,6.7226297948554485,8.19891444498699,1,1
6.35088571671474,9.186457431512851,10.007081508746234,7.706162970199576,8.49351506406166,7.849323818040561,2,1
9.947217315397454,7.109062135687172,7.854381210652365,8.288031567776464,6.6039438246004725,8.19671240721307,1,1
9.385049695767997,8.9939241414114,9.895858525371636,6.975413927455952,8.760139370026627,6.54965074223381,2,1
9.6302999262348,5.556828061699537,7.037905963447182,7.830822995135316,5.811140992976701,5.3230099791384085,1,1
8.459775920546287,6.940222469119639,6.883462586413092,8.612685172875459,5.288267030694535,4.04305126783455,1,1
7.642044402873258,8.518791912779934,7.355001921105257,7.02197642307216,4.997212273764115,7.346655163176539,1,1
6.244166900663736,9.026898187513526,8.834919385216395,6.272877006546167,4.543294782270004,6.947937068614969,1,1
10.513742135006508,8.021584533455107,7.309212365692763,8.476996001664824,5.351858133476067,7.509335266016592,1,3
6.796823718274855,7.440733707389261,7.518607216815252,6.61338421837956,6.633318433280377,7.050989447068045,1,3
6.523562306149512,7.384610383176974,5.4116460518550396,6.760414691083428,4.574710978503383,5.940171252720432,1,3
10.236453649828054,8.229511118964457,8.848652886213905,8.40737832540903,6.403574197934815,7.825644732219989,1,3
9.111845125227083,6.721425700790643,6.52795791762255,9.736251633160215,6.432940092739179,4.941642422609304,1,3
9.366831168735615,7.748460023899697,7.841492924460013,8.673512945671192,5.616771097666572,7.251344983372214,1,3
9.761981590241948,8.732465848349879,9.179365567676752,7.165493475060845,8.19450550976564,7.451241684987676,2,3
8.121777419161074,7.9672801789422,7.796469243086058,6.885509670034818,5.123963979403259,7.007600613951853,1,3
9.412382853382338,8.869116865929483,8.738094230177667,6.9975959829819265,7.753194269884341,7.640123172695364,2,3
10.80088084730582,8.285513309079741,8.355379895253634,8.694669696546992,6.948897222313312,7.247792581767846,1,3
10.156888691011035,8.192570471152173,7.607878073278507,9.240287448344136,5.752572638825633,7.233455418621439,1,3
11.141165889327235,8.392083380373393,9.442245428958966,9.070273383079064,6.62273632394984,7.786136437783072,1,3
10.60298949873408,6.46302945692067,8.188966863648876,6.949856455000773,6.07993319509559,2.9444389791664403,1,3
8.874867635688053,7.717796211013582,7.1252830915107115,7.3901814282264295,7.112327444710911,4.859812404361672,1,3
9.639196432874924,7.6511201757027,7.947678571301568,9.032050676295599,5.958424693029782,6.93537044601511,1,3
9.696524881825722,6.38856140554563,7.167809184316444,6.744059186311348,6.100318952020064,5.556828061699537,1,3
10.663989597114305,5.659482215759621,6.156978985585555,7.236339342754344,3.4965075614664802,3.1354942159291497,1,3
7.904334842085095,7.6783263565068856,7.879669914604289,6.220590170099739,6.873163834212518,7.328437352895162,1,3
8.70334075304372,8.118207049405783,8.09009578318096,7.827240901752812,5.3612921657094255,6.532334292222349,1,3
7.951207156472972,8.034955024502159,8.373322820996535,8.252967195000798,6.716594773520978,6.966967138613983,1,3
8.293299358711323,9.315060682746585,9.431081038674082,6.805722553416985,8.69165057315339,6.60934924316738,2,2
9.96524094881161,7.607878073278507,8.787372988731876,6.813444599510896,6.699500340161678,7.5256399750415355,1,2
8.934455109403913,7.5485559791698735,8.563122123304638,6.035481432524756,7.700295203420117,5.541263545158426,2,2
9.856815144337697,7.173958319756794,8.200837258379849,8.021584533455107,6.566672429803241,6.80128303447162,1,2
8.99850761180784,8.070906088787819,8.85180655855245,7.283448228756631,8.21959545417708,6.2766434893416445,2,2
8.818630229100354,8.4252971767117,9.20693457884135,6.840546529288687,8.420462002456466,6.945051063725834,2,2
6.09807428216624,6.779921907472252,7.630946580890459,5.579729825986222,5.673323267171493,5.560681631015528,1,2
9.708019964072157,8.739376281635323,8.757940876678804,6.715383386334681,7.887208585813932,7.603897968521881,2,2
8.572438665642215,9.496796693502144,9.923290179832307,7.501082124259871,9.077151777732437,5.153291594497779,2,2
7.967973179662935,8.57602797713713,9.188708071849069,5.8998973535824915,8.738254576526122,6.320768294250582,2,2
7.8632667240095735,8.213110697596676,9.534595424658804,6.20050917404269,9.217315985712608,4.0943445622221,2,2
5.087596335232384,8.917444732471514,10.117549995114146,6.42648845745769,9.374497958142467,7.787796878181171,2,2
5.497168225293202,9.468078568054892,9.08851166361105,6.684611727667927,8.271292652979412,5.356586274672012,2,2
8.774776816043985,9.462498888358917,9.979105098994717,7.518064181233078,8.930494185292178,7.342131730584722,2,2
9.760078969240771,7.772752716468742,7.952615111651,7.047517221357296,5.863631175598097,6.8308742346461795,1,2
8.851949671253948,6.928537818164665,8.00903068506973,6.0330862217988015,5.552959584921617,6.48768401848461,1,2
6.823286122355687,9.935761113086423,9.515469358031684,7.290292882446597,8.831565879121063,6.693323668269949,2,2
8.858652969548489,7.30854279753919,7.785720896534624,9.439068301584292,5.703782474656201,7.0192966537150445,1,2
10.296745117536547,7.756195343948118,9.0217190130337,8.021912778985708,5.918893854273146,4.770684624465665,1,2
7.6676260915849905,8.226305988015508,9.861258318318392,7.150701457592526,9.748061059204817,4.962844630259907,2,2
9.188605879830176,6.8308742346461795,7.785720896534624,8.400209835930418,5.214935757608986,5.697093486505405,1,2
9.270305953143616,7.493317248862145,8.942199454731238,7.302496423727326,6.754604099487962,7.1180162044653335,1,2
7.299797366758161,9.614671504043145,9.386392315756542,6.4967749901858625,8.266678443305896,8.163086375583216,2,2
8.871785969150645,7.226936018493289,7.697121317282625,7.893572073504902,4.430816798843313,6.966024187106113,1,2
7.075808863978387,8.035602692918582,8.718500048121273,6.88653164253051,6.71174039505618,7.401231264413015,1,2
9.375939552625749,7.906178840394815,8.177234885510194,7.660114319173928,6.561030665896573,3.9512437185814275,1,2
9.186047679407139,10.129506964595802,9.77826440778205,7.029087564149662,9.42617729477462,7.3938782901077555,2,2
7.4815557019095165,8.215276958936633,7.732369222284388,6.244166900663736,5.62040086571715,6.727431724850855,1,2
9.122164681072457,7.5485559791698735,8.550241045462437,7.906547232368036,5.43372200355424,7.01571242048723,1,2
9.672941671455156,6.570882962339584,8.106514516255185,8.21716859576607,7.293697720601438,5.438079308923196,1,2
9.500095294588894,6.851184927493743,9.358243001899679,6.82001636467413,7.426549072397305,6.352629396319567,1,2
10.165005304967229,8.185350223178686,7.80994708647679,7.7706452341291765,4.948759890378168,6.996681488176539,1,2
10.395680664154117,9.728240909414135,9.51980839774982,11.01649572148797,7.149131598557407,8.632305998516742,1,2
8.392763113038061,7.384610383176974,7.266827347520591,8.160232492367689,5.961005339623274,6.727431724850855,1,2
6.297109319933935,6.802394763324311,7.417580402414544,6.028278520230698,4.48863636973214,6.259581464064923,1,2
9.737078714202223,7.700747794511798,8.128585200374497,8.968268810776454,5.351858133476067,7.336285660021297,1,2
8.539737155851132,7.304515946460155,8.430327258394575,8.542470998600505,6.20050917404269,6.606650186198215,1,2
9.189218875354072,7.488293515159428,8.53895468319775,8.18060094759445,5.209486152841421,6.950814768442584,1,2
9.325809621782296,9.607907707957207,10.197648591085619,7.118826249062078,9.170247278409738,7.005789019253503,2,2
10.01332801821566,8.076204527239026,7.277938572945661,7.700295203420117,5.187385805840755,7.864419904994565,1,2
9.055556158175316,8.513385953073284,11.116900656681414,4.882801922586371,10.548048298172429,7.103322062526113,2,2
9.730561717382535,6.834108738813838,7.917171988845776,9.355306142226368,5.808142489980444,8.156797046675651,2,2
10.206661503755827,8.827321452697849,9.286467732363734,7.2196420401307355,8.321664807135,7.668561108015897,2,2
9.544739031650487,7.321188556739478,7.193685818395112,6.478509642208569,4.990432586778736,6.658011045870748,1,2
9.143345503151904,7.206377291472252,7.867871490396322,9.008346579384707,6.093569770045136,6.767343125265392,1,2
1.3862943611198906,5.811140992976701,8.856803356728378,9.655154390148258,2.772588722239781,6.311734809152915,1,2
7.870165946469845,7.080867896690782,8.581669210600602,9.167954655479745,6.352629396319567,7.57198844937744,1,2
5.945420608606575,8.300528606199737,9.176886995716963,5.963579343618446,8.891786635857315,7.22402480828583,2,3
7.749753406274437,8.659386957119413,9.327145151518268,6.643789733147672,8.54927308487965,7.677400430514807,2,3
5.545177444479562,8.658519127506672,8.68676717538769,5.857933154483459,8.432941638968646,7.192182058713246,1,3
7.432483807917119,8.848652886213905,10.177970397179921,7.284134806195205,9.646657943567112,3.6375861597263857,2,3
8.020927718981577,7.067319848653476,7.475339236566737,7.711996507047669,5.384495062789089,5.940171252720432,1,3
7.089243155027514,7.864419904994565,9.028338763993148,5.998936561946683,8.254268770090183,5.717027701406222,1,3
7.927324360309794,8.84505705350085,9.651301315769187,7.898782356970309,8.79497643168877,7.017506142941256,2,3
10.217604621184988,8.879750798513125,9.418329675518715,7.940939762327791,8.438582790834326,6.930494765951626,2,3
8.14002395246292,7.7752758464868625,7.615298339825815,7.201916317531627,7.077498053569231,6.501289670540389,1,3
8.696510239189893,9.591649390206587,9.929252760422154,7.603897968521881,9.410747396316522,6.100318952020064,2,3
8.166784289056151,7.003065458786462,7.599901959208498,7.493873886783559,5.159055299214529,6.903747257584598,1,3
7.099201743553092,9.214830277249035,10.012117717061576,7.462789157412448,9.444542550647126,8.051340933292979,2,3
6.411818267709897,7.009408932708637,7.335633981927201,6.7226297948554485,4.51085950651685,5.278114659230517,1,3
4.770684624465665,8.742733867330168,9.961945122107696,5.43372200355424,9.069122370060645,7.013915474810528,2,3
9.549665677579801,8.908424139496578,7.8434564043761155,8.76201995356159,7.195937226475569,7.758760544157663,1,3
5.25227342804663,6.590301048196686,7.607381425639791,5.5053315359323625,5.220355825078324,4.852030263919617,1,3
10.029547352196861,4.90527477843843,5.389071729816501,8.057694194815587,2.302585092994046,6.3080984415095305,1,3
3.6375861597263857,7.151485463904735,10.011130461551485,4.927253685157205,8.817001443665859,4.709530201312334,2,3
6.633318433280377,9.834405391348684,7.415175109613295,8.718500048121273,6.285998094508865,8.31898612539206,1,3
6.680854678790215,8.679141958402255,7.6544432264701125,5.831882477283517,5.4510384535657,6.655440350367647,1,3
9.89075686005731,7.96311205897929,7.604396348796338,7.86403565907245,6.150602768446279,6.222576268071369,1,3
8.462737005620179,6.410174881966167,6.762729506931879,7.095893221097532,5.075173815233827,6.0063531596017325,1,3
7.660114319173928,7.379008127628304,7.805474625270857,6.329720905522696,5.19295685089021,6.569481420414296,1,3
8.439880088313567,6.905753276311464,8.398184404834035,5.2574953720277815,7.197435354096591,5.752572638825633,1,3
7.86940171257709,6.773080375655535,7.329749689041512,7.00669522683704,6.244166900663736,6.150602768446279,1,3
8.453827315794417,8.720786883485731,8.990441550826862,7.3901814282264295,8.415381925269553,8.041091003708633,2,3
9.165552189186048,7.704361167910313,7.417580402414544,7.068172000388042,5.407171771460119,6.104793232414985,1,3
8.154212694914229,6.796823718274855,6.282266746896006,7.284820912568604,5.53338948872752,5.8377304471659395,1,3
10.0139550055621,7.087573705557973,7.786136437783072,7.624130585661289,4.624972813284271,6.326149473155099,1,3
8.734238184268579,5.823045895483019,6.52795791762255,6.993932975223189,3.7376696182833684,5.6937321388027,1,3
10.58860256139881,8.280204233279974,8.508354242749032,7.21890970761906,6.261491684321042,7.71244383427499,2,3
9.908773556965365,7.543273346705446,7.570443252057374,9.007612005404566,6.57507584059962,6.673297967767654,1,3
8.264878262801748,8.243282523048375,7.403670290012373,6.776506992372183,5.986452005284438,8.482601746646619,1,3
9.62092568277892,8.741615924228828,8.90910013492555,7.316548177182976,7.558516743045645,8.043663352393944,2,3
8.754476306284166,7.721791776817535,7.419979923661835,7.30854279753919,5.7430031878094825,6.532334292222349,1,3
8.672828482947686,7.280008252884188,7.0587581525186645,6.393590753950631,6.1675164908883415,4.2626798770413155,1,3
8.051022208190679,9.063115652219658,9.516868732224324,8.637993891561942,8.448271745949816,7.2633296174768365,2,3
10.566020874478237,8.056743774975313,7.88193748927207,6.942156705699469,4.574710978503383,7.1252830915107115,1,3
8.078998258685154,8.100161446936607,7.551186867296149,5.645446897643238,4.23410650459726,7.016609683894219,1,3
8.30622521603216,8.549660381553739,9.248791558350435,4.875197323201151,6.70196036600254,5.19295685089021,2,3
10.249131882325754,6.851184927493743,7.671826797878781,8.264105763728956,6.398594934535208,5.602118820879701,1,3
9.785323194185485,8.432070937999402,7.388946097618437,9.203114326884442,5.5093883366279774,6.278521424165844,1,3
10.447409403791308,8.914088348841334,9.0442857876461,7.840312983320164,7.445417556701687,7.970394907191429,1,3
7.507690077819904,7.21890970761906,8.146419323098003,8.295798110636145,5.986452005284438,5.8916442118257715,1,3
9.276502574229852,9.992368015030003,9.642187721358466,8.19863945529737,5.645446897643238,8.54110501146255,1,3
9.361859019615093,6.827629234502852,7.387090235656757,7.857093864902493,5.262690188904886,6.974478911025045,1,3
7.095893221097532,8.19450550976564,7.957877358489813,7.57353126274595,5.869296913133774,6.875232087276577,1,3
9.948413115889121,7.558516743045645,7.3613754289773485,7.581209826196346,5.44673737166631,6.8690144506657065,1,3
9.188708071849069,6.744059186311348,7.067319848653476,7.425357887027151,5.303304908059076,6.008813185442595,1,3
9.146974496354362,7.333676395657684,7.260522598089852,8.013012110368916,5.429345628954441,6.529418838262226,1,3
8.117610746466228,7.074963197966044,7.192182058713246,8.613048677059759,5.7430031878094825,6.90875477931522,1,3
7.881559917056899,7.923710333969238,7.746732907753622,6.811244378601294,4.564348191467836,7.510977752014095,1,3
6.251903883165888,8.338305731356565,8.188966863648876,6.492239835020471,4.812184355372417,6.484635235635252,1,3
10.070399319380286,8.814479000010714,8.254008590564844,9.061956366209925,5.955837369464831,6.709304340258298,1,3
9.423675982299306,6.763884908562435,8.07246736935477,7.243512974665482,5.0106352940962555,6.115892125483034,1,3
9.169830828637973,7.183111701743281,7.142036574706803,7.980023592310645,6.7357800142423265,5.673323267171493,1,3
8.415381925269553,9.391995039782433,9.142703723260372,7.8804263442924,8.12533508671429,7.7025561132685825,2,3
9.353227859524731,7.418780882750794,7.264730177929867,8.830396801098097,4.174387269895637,6.612041034833092,1,3
9.345133468317714,6.940222469119639,6.368187186350492,8.592486175451668,4.31748811353631,5.5134287461649825,1,3
9.170871628065816,6.359573868672378,6.841615476477592,7.379008127628304,6.152732694704104,5.929589143389895,1,3
8.399984990510696,6.810142450115136,7.122059881629142,8.182279739259018,5.0369526024136295,6.922643891475888,1,3
10.209795089111074,7.938088726896952,7.663407664893479,9.48978863950086,4.532599493153256,7.551186867296149,1,3
10.186408307886198,8.46674164792014,8.535425959677298,5.3981627015177525,2.3978952727983707,5.831882477283517,1,3
10.150621030590434,9.306286713023391,8.434897948689407,4.852030263919617,6.450470422144176,5.666426688112432,1,3
9.8022297204619,8.4368504387337,8.144679183447758,8.37216741936598,6.818924065275521,6.573680166960646,1,3
8.837100411162755,6.953684210870537,7.0630481633881725,7.635303886259415,6.386879319362645,5.937536205082426,1,3
10.129307519053746,8.519390774959724,8.522578663692576,9.19085169539232,6.996681488176539,6.8679744089702925,1,3
8.904222737368716,9.460709909543985,9.835422821621998,7.956827122090111,8.97259066827261,6.317164686747284,2,3
9.018937706446035,8.263848131368906,8.765302488748196,7.4067107301776405,7.912423121473705,5.84354441703136,2,3
9.07211225269274,8.19836438996762,8.716207971151853,7.762170607138205,7.66105638236183,8.544419177669829,1,3
8.799963219506997,7.64826303090192,8.425954710981966,7.237059026124737,7.528869256642251,7.545918151209323,1,3
7.6624678152002375,8.098642843759418,8.096208271650037,7.336936913707618,5.4638318050256105,8.38160253710989,1,3
4.584967478670572,8.190354403763262,9.425532393502772,4.59511985013459,7.9966538754626075,4.143134726391533,1,3
8.51398806046729,8.48879371689454,8.799963219506997,9.790710714933168,6.816735880594968,7.798112628829788,1,3
8.694502206386648,7.596392304064196,8.136810863675537,8.644706511715198,7.035268599281097,5.673323267171493,1,3
8.967376693212666,8.707317560273212,9.054037377580782,7.433666540166168,8.172164452111904,7.536363938404511,2,3
8.387084506069217,9.30027247947679,9.297343415597757,6.744059186311348,8.814181823188319,6.901737206656574,2,3
8.53030683056162,8.612503371220562,9.310728546007452,5.8998973535824915,8.156510226079966,6.96979066990159,1,3
6.493753839851686,9.047233034106032,9.832152654931505,4.897839799950911,8.815963560853438,6.655440350367647,2,3
9.089527751759436,8.238536930171769,7.707062655370473,6.452048954437226,7.365812837209472,7.3277805384216315,1,3
8.402231172946555,8.569216219483389,9.490091074101683,3.258096538021482,8.827468112520654,7.2399325913204695,1,3
9.744726260151186,8.48632152774915,9.110961927995904,6.939253946041508,8.13622555490846,7.487173694213739,2,3
10.181157167204903,7.228388451573604,8.336390480591552,6.7226297948554485,6.855408798609928,7.105786129481271,1,3
9.773720494477063,8.212568398234145,8.446341450444287,6.966024187106113,7.4977617006225685,6.505784060128229,2,3
9.739850350946302,7.9672801789422,9.411892497046916,6.774223886357614,8.075271546297458,5.521460917862246,2,3
9.327589932026422,7.786967002614872,7.860956364876389,9.638805604313408,4.6913478822291435,7.54274354536855,1,3
9.48303570211964,9.142917695658749,9.569202921360327,8.052614818815567,8.533066540572527,7.546974117516527,1,3
10.342161750401328,9.722445177240553,8.599694412927981,9.621323560768252,6.0867747269123065,7.059617628291383,1,3
8.022240916806537,8.694669696546992,8.499232866039245,7.695757990554761,6.7464121285733745,5.762051382780177,1,3
9.060447282401565,7.467942332285852,8.183397369998433,3.871201010907891,4.442651256490317,7.824845691026856,1,3
8.038512020976814,8.350193650720067,9.710145492458707,6.3561076606958915,5.488937726156687,7.640603826393634,1,3
9.051813463747946,8.613775289262481,8.548885638148727,9.509481537516857,7.228388451573604,7.312553498102598,1,3
9.95788103636646,7.0587581525186645,8.46695197497949,5.598421958998375,7.192182058713246,5.981414211254481,1,3
7.592366128519796,8.076826031298808,7.309212365692763,7.340835554123275,5.877735781779639,7.27931883541462,1,3
9.72507833256209,8.274611946209552,8.986571625268054,6.535241271013659,7.771488760117616,6.732210706467206,1,3
10.299036995856916,9.396985900250192,9.682092471756036,9.48311183169221,5.209486152841421,7.6984827878809465,1,3
10.57717154818281,7.266827347520591,6.639875833826536,8.414274137408396,4.543294782270004,7.760893195851024,1,3
9.584108393341092,9.647885373547759,10.31705309667816,6.082218910376446,9.60521627853008,7.532623618788788,2,3
9.239025005836092,7.591861714889934,7.711101251840158,6.946013991099227,5.1298987149230735,7.661997558901893,1,3
7.933079771880415,7.4377951216719325,7.828436359157585,4.189654742026425,6.169610732491456,3.970291913552122,1,3
